UID	Gtin_input	Category_url	Product_id	Product_name	Taxonomy	MRP	Selling_price	Images	Product_url	Rank	Current_page	Reuslt_count	Status
1	n/a	https://www.homecentre.in/in/en/c/furnishing-bedding-doublebedsheets	1000011566368	Moksha Everly Printed Cotton Queen Bedsheet Set - 228x254cm - 3Pcs	furnishing>bedding>doublebedsheets	2999.0	2999.0	https://lmsin.net/cdn-cgi/image/h=550,w=550,q=60,fit=cover/https://aaeff43fe32172cbcecc-ae2a4e9a8cbc330ede5588dedf56886e.lmsin.net/homecentre/1000011566368-1000011566367_01-2100.jpg|https://lmsin.net/cdn-cgi/image/h=550,w=550,q=60,fit=cover/https://aaeff43fe32172cbcecc-ae2a4e9a8cbc330ede5588dedf56886e.lmsin.net/homecentre/1000011566368-1000011566367_02-2100.jpg|https://lmsin.net/cdn-cgi/image/h=550,w=550,q=60,fit=cover/https://aaeff43fe32172cbcecc-ae2a4e9a8cbc330ede5588dedf56886e.lmsin.net/homecentre/1000011566368-1000011566367_03-2100.jpg|https://lmsin.net/cdn-cgi/image/h=550,w=550,q=60,fit=cover/https://aaeff43fe32172cbcecc-ae2a4e9a8cbc330ede5588dedf56886e.lmsin.net/homecentre/1000011566368-1000011566367_04-2100.jpg	https://www.homecentre.in/in/en/Furnishing/Bedding/Double-Bedsheets/HOMECENTRE-Moksha-Everly-Printed-Cotton-Queen-Bedsheet-Set--228x254cm--3Pcs/p/1000011566368	2	1	1462	n/a
1	n/a	https://www.homecentre.in/in/en/c/furnishing-bedding-doublebedsheets	1000011566371	Moksha Everly Printed Cotton Queen Fitted Bedsheet Set - 150x195cm - 3Pcs	furnishing>bedding>doublebedsheets	2999.0	2999.0	https://lmsin.net/cdn-cgi/image/h=550,w=550,q=60,fit=cover/https://aaeff43fe32172cbcecc-ae2a4e9a8cbc330ede5588dedf56886e.lmsin.net/homecentre/1000011566371-1000011566370_01-2100.jpg|https://lmsin.net/cdn-cgi/image/h=550,w=550,q=60,fit=cover/https://aaeff43fe32172cbcecc-ae2a4e9a8cbc330ede5588dedf56886e.lmsin.net/homecentre/1000011566371-1000011566370_02-2100.jpg|https://lmsin.net/cdn-cgi/image/h=550,w=550,q=60,fit=cover/https://aaeff43fe32172cbcecc-ae2a4e9a8cbc330ede5588dedf56886e.lmsin.net/homecentre/1000011566371-1000011566370_03-2100.jpg|https://lmsin.net/cdn-cgi/image/h=550,w=550,q=60,fit=cover/https://aaeff43fe32172cbcecc-ae2a4e9a8cbc330ede5588dedf56886e.lmsin.net/homecentre/1000011566371-1000011566370_04-2100.jpg	https://www.homecentre.in/in/en/Furnishing/Bedding/Double-Bedsheets/HOMECENTRE-Moksha-Everly-Printed-Cotton-Queen-Fitted-Bedsheet-Set--150x195cm--3Pcs/p/1000011566371	3	1	1462	n/a
1	n/a	https://www.homecentre.in/in/en/c/furnishing-bedding-doublebedsheets	1000011566374	Moksha Seaton Printed Cotton Queen Bedsheet Set - 228x254cm - 3Pcs	furnishing>bedding>doublebedsheets	2999.0	2999.0	https://lmsin.net/cdn-cgi/image/h=550,w=550,q=60,fit=cover/https://aaeff43fe32172cbcecc-ae2a4e9a8cbc330ede5588dedf56886e.lmsin.net/homecentre/1000011566374-1000011566373_01-2100.jpg|https://lmsin.net/cdn-cgi/image/h=550,w=550,q=60,fit=cover/https://aaeff43fe32172cbcecc-ae2a4e9a8cbc330ede5588dedf56886e.lmsin.net/homecentre/1000011566374-1000011566373_02-2100.jpg|https://lmsin.net/cdn-cgi/image/h=550,w=550,q=60,fit=cover/https://aaeff43fe32172cbcecc-ae2a4e9a8cbc330ede5588dedf56886e.lmsin.net/homecentre/1000011566374-1000011566373_03-2100.jpg|https://lmsin.net/cdn-cgi/image/h=550,w=550,q=60,fit=cover/https://aaeff43fe32172cbcecc-ae2a4e9a8cbc330ede5588dedf56886e.lmsin.net/homecentre/1000011566374-1000011566373_04-2100.jpg	https://www.homecentre.in/in/en/Furnishing/Bedding/Double-Bedsheets/HOMECENTRE-Moksha-Seaton-Printed-Cotton-Queen-Bedsheet-Set--228x254cm--3Pcs/p/1000011566374	4	1	1462	n/a
1	n/a	https://www.homecentre.in/in/en/c/furnishing-bedding-doublebedsheets	1000011566377	Moksha Seaton Printed Cotton Queen Fitted Bedsheet Set - 150x195cm - 3Pcs	furnishing>bedding>doublebedsheets	2999.0	2999.0	https://lmsin.net/cdn-cgi/image/h=550,w=550,q=60,fit=cover/https://aaeff43fe32172cbcecc-ae2a4e9a8cbc330ede5588dedf56886e.lmsin.net/homecentre/1000011566377-1000011566376_01-2100.jpg|https://lmsin.net/cdn-cgi/image/h=550,w=550,q=60,fit=cover/https://aaeff43fe32172cbcecc-ae2a4e9a8cbc330ede5588dedf56886e.lmsin.net/homecentre/1000011566377-1000011566376_02-2100.jpg|https://lmsin.net/cdn-cgi/image/h=550,w=550,q=60,fit=cover/https://aaeff43fe32172cbcecc-ae2a4e9a8cbc330ede5588dedf56886e.lmsin.net/homecentre/1000011566377-1000011566376_03-2100.jpg|https://lmsin.net/cdn-cgi/image/h=550,w=550,q=60,fit=cover/https://aaeff43fe32172cbcecc-ae2a4e9a8cbc330ede5588dedf56886e.lmsin.net/homecentre/1000011566377-1000011566376_04-2100.jpg	https://www.homecentre.in/in/en/Furnishing/Bedding/Double-Bedsheets/HOMECENTRE-Moksha-Seaton-Printed-Cotton-Queen-Fitted-Bedsheet-Set--150x195cm--3Pcs/p/1000011566377	5	1	1462	n/a
1	n/a	https://www.homecentre.in/in/en/c/furnishing-bedding-doublebedsheets	1000010780171	Sapphire Assorted Printed Cotton King Double Bedsheet Set - 180x195cm - 3Pcs	furnishing>bedding>doublebedsheets	2999.0	2999.0	https://lmsin.net/cdn-cgi/image/h=550,w=550,q=60,fit=cover/https://aaeff43fe32172cbcecc-ae2a4e9a8cbc330ede5588dedf56886e.lmsin.net/homecentre/1000010780171-1000010780170_01-2100.jpg|https://lmsin.net/cdn-cgi/image/h=550,w=550,q=60,fit=cover/https://aaeff43fe32172cbcecc-ae2a4e9a8cbc330ede5588dedf56886e.lmsin.net/homecentre/1000010780171-1000010780170_02-2100.jpg|https://lmsin.net/cdn-cgi/image/h=550,w=550,q=60,fit=cover/https://aaeff43fe32172cbcecc-ae2a4e9a8cbc330ede5588dedf56886e.lmsin.net/homecentre/1000010780171-1000010780170_03-2100.jpg|https://lmsin.net/cdn-cgi/image/h=550,w=550,q=60,fit=cover/https://aaeff43fe32172cbcecc-ae2a4e9a8cbc330ede5588dedf56886e.lmsin.net/homecentre/1000010780171-1000010780170_04-2100.jpg|https://lmsin.net/cdn-cgi/image/h=550,w=550,q=60,fit=cover/https://aaeff43fe32172cbcecc-ae2a4e9a8cbc330ede5588dedf56886e.lmsin.net/homecentre/1000010780171-1000010780170_05-2100.jpg|https://lmsin.net/cdn-cgi/image/h=550,w=550,q=60,fit=cover/https://aaeff43fe32172cbcecc-ae2a4e9a8cbc330ede5588dedf56886e.lmsin.net/homecentre/1000010780171-1000010780170_06-2100.jpg|https://lmsin.net/cdn-cgi/image/h=550,w=550,q=60,fit=cover/https://aaeff43fe32172cbcecc-ae2a4e9a8cbc330ede5588dedf56886e.lmsin.net/homecentre/1000010780171-1000010780170_07-2100.jpg|https://lmsin.net/cdn-cgi/image/h=550,w=550,q=60,fit=cover/https://aaeff43fe32172cbcecc-ae2a4e9a8cbc330ede5588dedf56886e.lmsin.net/homecentre/1000010780171-1000010780170_08-2100.jpg|https://lmsin.net/cdn-cgi/image/h=550,w=550,q=60,fit=cover/https://aaeff43fe32172cbcecc-ae2a4e9a8cbc330ede5588dedf56886e.lmsin.net/homecentre/1000010780171-1000010780170_09-2100.jpg|https://lmsin.net/cdn-cgi/image/h=550,w=550,q=60,fit=cover/https://aaeff43fe32172cbcecc-ae2a4e9a8cbc330ede5588dedf56886e.lmsin.net/homecentre/1000010780171-1000010780170_010-2100.jpg|https://lmsin.net/cdn-cgi/image/h=550,w=550,q=60,fit=cover/https://aaeff43fe32172cbcecc-ae2a4e9a8cbc330ede5588dedf56886e.lmsin.net/homecentre/1000010780171-1000010780170_011-2100.jpg|https://lmsin.net/cdn-cgi/image/h=550,w=550,q=60,fit=cover/https://aaeff43fe32172cbcecc-ae2a4e9a8cbc330ede5588dedf56886e.lmsin.net/homecentre/1000010780171-1000010780170_012-2100.jpg|https://lmsin.net/cdn-cgi/image/h=550,w=550,q=60,fit=cover/https://aaeff43fe32172cbcecc-ae2a4e9a8cbc330ede5588dedf56886e.lmsin.net/homecentre/1000010780171-1000010780170_013-2100.jpg|https://lmsin.net/cdn-cgi/image/h=550,w=550,q=60,fit=cover/https://aaeff43fe32172cbcecc-ae2a4e9a8cbc330ede5588dedf56886e.lmsin.net/homecentre/1000010780171-1000010780170_014-2100.jpg|https://lmsin.net/cdn-cgi/image/h=550,w=550,q=60,fit=cover/https://aaeff43fe32172cbcecc-ae2a4e9a8cbc330ede5588dedf56886e.lmsin.net/homecentre/1000010780171-1000010780170_015-2100.jpg|https://lmsin.net/cdn-cgi/image/h=550,w=550,q=60,fit=cover/https://aaeff43fe32172cbcecc-ae2a4e9a8cbc330ede5588dedf56886e.lmsin.net/homecentre/1000010780171-1000010780170_016-2100.jpg|https://lmsin.net/cdn-cgi/image/h=550,w=550,q=60,fit=cover/https://aaeff43fe32172cbcecc-ae2a4e9a8cbc330ede5588dedf56886e.lmsin.net/homecentre/1000010780171-1000010780170_017-2100.jpg|https://lmsin.net/cdn-cgi/image/h=550,w=550,q=60,fit=cover/https://aaeff43fe32172cbcecc-ae2a4e9a8cbc330ede5588dedf56886e.lmsin.net/homecentre/1000010780171-1000010780170_018-2100.jpg|https://lmsin.net/cdn-cgi/image/h=550,w=550,q=60,fit=cover/https://aaeff43fe32172cbcecc-ae2a4e9a8cbc330ede5588dedf56886e.lmsin.net/homecentre/1000010780171-1000010780170_019-2100.jpg|https://lmsin.net/cdn-cgi/image/h=550,w=550,q=60,fit=cover/https://aaeff43fe32172cbcecc-ae2a4e9a8cbc330ede5588dedf56886e.lmsin.net/homecentre/1000010780171-1000010780170_020-2100.jpg|https://lmsin.net/cdn-cgi/image/h=550,w=550,q=60,fit=cover/https://aaeff43fe32172cbcecc-ae2a4e9a8cbc330ede5588dedf56886e.lmsin.net/homecentre/1000010780171-1000010780170_021-2100.jpg|https://lmsin.net/cdn-cgi/image/h=550,w=550,q=60,fit=cover/https://aaeff43fe32172cbcecc-ae2a4e9a8cbc330ede5588dedf56886e.lmsin.net/homecentre/1000010780171-1000010780170_022-2100.jpg|https://lmsin.net/cdn-cgi/image/h=550,w=550,q=60,fit=cover/https://aaeff43fe32172cbcecc-ae2a4e9a8cbc330ede5588dedf56886e.lmsin.net/homecentre/1000010780171-1000010780170_023-2100.jpg|https://lmsin.net/cdn-cgi/image/h=550,w=550,q=60,fit=cover/https://aaeff43fe32172cbcecc-ae2a4e9a8cbc330ede5588dedf56886e.lmsin.net/homecentre/1000010780171-1000010780170_024-2100.jpg	https://www.homecentre.in/in/en/Home-Centre/Furnishing/Bedding/Double-Bed-Sheets/HOMECENTRE-Sapphire-Assorted-Printed-Cotton-King-Double-Bedsheet-Set--180x195cm--3Pcs/p/1000010780171	6	1	1462	n/a
1	n/a	https://www.homecentre.in/in/en/c/furnishing-bedding-doublebedsheets	1000010780177	Sapphire Assorted Printed Cotton King Double Bedsheet Set - 240x270cm - 3Pcs	furnishing>bedding>doublebedsheets	2999.0	2999.0	https://lmsin.net/cdn-cgi/image/h=550,w=550,q=60,fit=cover/https://aaeff43fe32172cbcecc-ae2a4e9a8cbc330ede5588dedf56886e.lmsin.net/homecentre/1000010780177-1000010780176_01-2100.jpg|https://lmsin.net/cdn-cgi/image/h=550,w=550,q=60,fit=cover/https://aaeff43fe32172cbcecc-ae2a4e9a8cbc330ede5588dedf56886e.lmsin.net/homecentre/1000010780177-1000010780176_02-2100.jpg|https://lmsin.net/cdn-cgi/image/h=550,w=550,q=60,fit=cover/https://aaeff43fe32172cbcecc-ae2a4e9a8cbc330ede5588dedf56886e.lmsin.net/homecentre/1000010780177-1000010780176_03-2100.jpg|https://lmsin.net/cdn-cgi/image/h=550,w=550,q=60,fit=cover/https://aaeff43fe32172cbcecc-ae2a4e9a8cbc330ede5588dedf56886e.lmsin.net/homecentre/1000010780177-1000010780176_04-2100.jpg|https://lmsin.net/cdn-cgi/image/h=550,w=550,q=60,fit=cover/https://aaeff43fe32172cbcecc-ae2a4e9a8cbc330ede5588dedf56886e.lmsin.net/homecentre/1000010780177-1000010780176_05-2100.jpg|https://lmsin.net/cdn-cgi/image/h=550,w=550,q=60,fit=cover/https://aaeff43fe32172cbcecc-ae2a4e9a8cbc330ede5588dedf56886e.lmsin.net/homecentre/1000010780177-1000010780176_06-2100.jpg|https://lmsin.net/cdn-cgi/image/h=550,w=550,q=60,fit=cover/https://aaeff43fe32172cbcecc-ae2a4e9a8cbc330ede5588dedf56886e.lmsin.net/homecentre/1000010780177-1000010780176_07-2100.jpg|https://lmsin.net/cdn-cgi/image/h=550,w=550,q=60,fit=cover/https://aaeff43fe32172cbcecc-ae2a4e9a8cbc330ede5588dedf56886e.lmsin.net/homecentre/1000010780177-1000010780176_08-2100.jpg|https://lmsin.net/cdn-cgi/image/h=550,w=550,q=60,fit=cover/https://aaeff43fe32172cbcecc-ae2a4e9a8cbc330ede5588dedf56886e.lmsin.net/homecentre/1000010780177-1000010780176_09-2100.jpg|https://lmsin.net/cdn-cgi/image/h=550,w=550,q=60,fit=cover/https://aaeff43fe32172cbcecc-ae2a4e9a8cbc330ede5588dedf56886e.lmsin.net/homecentre/1000010780177-1000010780176_010-2100.jpg|https://lmsin.net/cdn-cgi/image/h=550,w=550,q=60,fit=cover/https://aaeff43fe32172cbcecc-ae2a4e9a8cbc330ede5588dedf56886e.lmsin.net/homecentre/1000010780177-1000010780176_011-2100.jpg|https://lmsin.net/cdn-cgi/image/h=550,w=550,q=60,fit=cover/https://aaeff43fe32172cbcecc-ae2a4e9a8cbc330ede5588dedf56886e.lmsin.net/homecentre/1000010780177-1000010780176_012-2100.jpg|https://lmsin.net/cdn-cgi/image/h=550,w=550,q=60,fit=cover/https://aaeff43fe32172cbcecc-ae2a4e9a8cbc330ede5588dedf56886e.lmsin.net/homecentre/1000010780177-1000010780176_013-2100.jpg|https://lmsin.net/cdn-cgi/image/h=550,w=550,q=60,fit=cover/https://aaeff43fe32172cbcecc-ae2a4e9a8cbc330ede5588dedf56886e.lmsin.net/homecentre/1000010780177-1000010780176_014-2100.jpg|https://lmsin.net/cdn-cgi/image/h=550,w=550,q=60,fit=cover/https://aaeff43fe32172cbcecc-ae2a4e9a8cbc330ede5588dedf56886e.lmsin.net/homecentre/1000010780177-1000010780176_015-2100.jpg|https://lmsin.net/cdn-cgi/image/h=550,w=550,q=60,fit=cover/https://aaeff43fe32172cbcecc-ae2a4e9a8cbc330ede5588dedf56886e.lmsin.net/homecentre/1000010780177-1000010780176_016-2100.jpg|https://lmsin.net/cdn-cgi/image/h=550,w=550,q=60,fit=cover/https://aaeff43fe32172cbcecc-ae2a4e9a8cbc330ede5588dedf56886e.lmsin.net/homecentre/1000010780177-1000010780176_017-2100.jpg|https://lmsin.net/cdn-cgi/image/h=550,w=550,q=60,fit=cover/https://aaeff43fe32172cbcecc-ae2a4e9a8cbc330ede5588dedf56886e.lmsin.net/homecentre/1000010780177-1000010780176_018-2100.jpg|https://lmsin.net/cdn-cgi/image/h=550,w=550,q=60,fit=cover/https://aaeff43fe32172cbcecc-ae2a4e9a8cbc330ede5588dedf56886e.lmsin.net/homecentre/1000010780177-1000010780176_019-2100.jpg|https://lmsin.net/cdn-cgi/image/h=550,w=550,q=60,fit=cover/https://aaeff43fe32172cbcecc-ae2a4e9a8cbc330ede5588dedf56886e.lmsin.net/homecentre/1000010780177-1000010780176_020-2100.jpg|https://lmsin.net/cdn-cgi/image/h=550,w=550,q=60,fit=cover/https://aaeff43fe32172cbcecc-ae2a4e9a8cbc330ede5588dedf56886e.lmsin.net/homecentre/1000010780177-1000010780176_021-2100.jpg|https://lmsin.net/cdn-cgi/image/h=550,w=550,q=60,fit=cover/https://aaeff43fe32172cbcecc-ae2a4e9a8cbc330ede5588dedf56886e.lmsin.net/homecentre/1000010780177-1000010780176_022-2100.jpg|https://lmsin.net/cdn-cgi/image/h=550,w=550,q=60,fit=cover/https://aaeff43fe32172cbcecc-ae2a4e9a8cbc330ede5588dedf56886e.lmsin.net/homecentre/1000010780177-1000010780176_023-2100.jpg|https://lmsin.net/cdn-cgi/image/h=550,w=550,q=60,fit=cover/https://aaeff43fe32172cbcecc-ae2a4e9a8cbc330ede5588dedf56886e.lmsin.net/homecentre/1000010780177-1000010780176_024-2100.jpg	https://www.homecentre.in/in/en/Home-Centre/Furnishing/Bedding/Double-Bed-Sheets/HOMECENTRE-Sapphire-Assorted-Printed-Cotton-King-Double-Bedsheet-Set--240x270cm--3Pcs/p/1000010780177	7	1	1462	n/a
1	n/a	https://www.homecentre.in/in/en/c/furnishing-bedding-doublebedsheets	1000006905054	Sapphire Grey Cotton King Bedsheet Set - 240 cm x 270 cm - 3 Pcs	furnishing>bedding>doublebedsheets	2799.0	2799.0	https://lmsin.net/cdn-cgi/image/h=550,w=550,q=60,fit=cover/https://aaeff43fe32172cbcecc-ae2a4e9a8cbc330ede5588dedf56886e.lmsin.net/homecentre/1000006905054-1000006905053_01-2100.jpg|https://lmsin.net/cdn-cgi/image/h=550,w=550,q=60,fit=cover/https://aaeff43fe32172cbcecc-ae2a4e9a8cbc330ede5588dedf56886e.lmsin.net/homecentre/1000006905054-1000006905053_02-2100.jpg|https://lmsin.net/cdn-cgi/image/h=550,w=550,q=60,fit=cover/https://aaeff43fe32172cbcecc-ae2a4e9a8cbc330ede5588dedf56886e.lmsin.net/homecentre/1000006905054-1000006905053_03-2100.jpg|https://lmsin.net/cdn-cgi/image/h=550,w=550,q=60,fit=cover/https://aaeff43fe32172cbcecc-ae2a4e9a8cbc330ede5588dedf56886e.lmsin.net/homecentre/1000006905054-1000006905053_04-2100.jpg|https://lmsin.net/cdn-cgi/image/h=550,w=550,q=60,fit=cover/https://aaeff43fe32172cbcecc-ae2a4e9a8cbc330ede5588dedf56886e.lmsin.net/homecentre/1000006905054-1000006905053_05-2100.jpg	https://www.homecentre.in/in/en/Furnishing/Bedding/Double-Bedsheets/HOMECENTRE-Sapphire-Grey-Cotton-King-Bedsheet-Set--240-cm-x-270-cm--3-Pcs/p/1000006905054	8	1	1462	n/a
1	n/a	https://www.homecentre.in/in/en/c/furnishing-bedding-doublebedsheets	1000010891497	Dallas Multicolour Printed Cotton Double Bedsheet Set - 228x254cm - 3Pcs	furnishing>bedding>doublebedsheets	1299.0	1299.0	https://lmsin.net/cdn-cgi/image/h=550,w=550,q=60,fit=cover/https://aaeff43fe32172cbcecc-ae2a4e9a8cbc330ede5588dedf56886e.lmsin.net/homecentre/1000010891497-1000010891496_01-2100.jpg|https://lmsin.net/cdn-cgi/image/h=550,w=550,q=60,fit=cover/https://aaeff43fe32172cbcecc-ae2a4e9a8cbc330ede5588dedf56886e.lmsin.net/homecentre/1000010891497-1000010891496_02-2100.jpg|https://lmsin.net/cdn-cgi/image/h=550,w=550,q=60,fit=cover/https://aaeff43fe32172cbcecc-ae2a4e9a8cbc330ede5588dedf56886e.lmsin.net/homecentre/1000010891497-1000010891496_03-2100.jpg	https://www.homecentre.in/in/en/Home-Centre/Furnishing/Bedding/Double-Bed-Sheets/HOMECENTRE-Dallas-Multicolour-Printed-Cotton-Double-Bedsheet-Set--228x254cm--3Pcs/p/1000010891497	9	1	1462	n/a
1	n/a	https://www.homecentre.in/in/en/c/furnishing-bedding-doublebedsheets	1000010891488	Dallas Red Printed Cotton Double Bedsheet Set - 228x254cm - 3Pcs	furnishing>bedding>doublebedsheets	2199.0	2199.0	https://lmsin.net/cdn-cgi/image/h=550,w=550,q=60,fit=cover/https://aaeff43fe32172cbcecc-ae2a4e9a8cbc330ede5588dedf56886e.lmsin.net/homecentre/1000010891488-1000010891487_01-2100.jpg|https://lmsin.net/cdn-cgi/image/h=550,w=550,q=60,fit=cover/https://aaeff43fe32172cbcecc-ae2a4e9a8cbc330ede5588dedf56886e.lmsin.net/homecentre/1000010891488-1000010891487_02-2100.jpg|https://lmsin.net/cdn-cgi/image/h=550,w=550,q=60,fit=cover/https://aaeff43fe32172cbcecc-ae2a4e9a8cbc330ede5588dedf56886e.lmsin.net/homecentre/1000010891488-1000010891487_03-2100.jpg	https://www.homecentre.in/in/en/Home-Centre/Furnishing/Bedding/Double-Bed-Sheets/HOMECENTRE-Dallas-Red-Printed-Cotton-Double-Bedsheet-Set--228x254cm--3Pcs/p/1000010891488	10	1	1462	n/a
1	n/a	https://www.homecentre.in/in/en/c/furnishing-bedding-doublebedsheets	1000010891482	Dallas Multicolour Printed Cotton Double Bedsheet Set - 228x254cm - 3Pcs	furnishing>bedding>doublebedsheets	1799.0	1799.0	https://lmsin.net/cdn-cgi/image/h=550,w=550,q=60,fit=cover/https://aaeff43fe32172cbcecc-ae2a4e9a8cbc330ede5588dedf56886e.lmsin.net/homecentre/1000010891482-1000010891481_01-2100.jpg|https://lmsin.net/cdn-cgi/image/h=550,w=550,q=60,fit=cover/https://aaeff43fe32172cbcecc-ae2a4e9a8cbc330ede5588dedf56886e.lmsin.net/homecentre/1000010891482-1000010891481_02-2100.jpg|https://lmsin.net/cdn-cgi/image/h=550,w=550,q=60,fit=cover/https://aaeff43fe32172cbcecc-ae2a4e9a8cbc330ede5588dedf56886e.lmsin.net/homecentre/1000010891482-1000010891481_03-2100.jpg	https://www.homecentre.in/in/en/Home-Centre/Furnishing/Bedding/Double-Bed-Sheets/HOMECENTRE-Dallas-Multicolour-Printed-Cotton-Double-Bedsheet-Set--228x254cm--3Pcs/p/1000010891482	11	1	1462	n/a
1	n/a	https://www.homecentre.in/in/en/c/furnishing-bedding-doublebedsheets	1000010891464	Dallas Grey Printed Cotton Queen Double Bedsheet Set - 228x254cm - 3Pcs	furnishing>bedding>doublebedsheets	2199.0	2199.0	https://lmsin.net/cdn-cgi/image/h=550,w=550,q=60,fit=cover/https://aaeff43fe32172cbcecc-ae2a4e9a8cbc330ede5588dedf56886e.lmsin.net/homecentre/1000010891464-1000010891463_01-2100.jpg|https://lmsin.net/cdn-cgi/image/h=550,w=550,q=60,fit=cover/https://aaeff43fe32172cbcecc-ae2a4e9a8cbc330ede5588dedf56886e.lmsin.net/homecentre/1000010891464-1000010891463_02-2100.jpg|https://lmsin.net/cdn-cgi/image/h=550,w=550,q=60,fit=cover/https://aaeff43fe32172cbcecc-ae2a4e9a8cbc330ede5588dedf56886e.lmsin.net/homecentre/1000010891464-1000010891463_03-2100.jpg	https://www.homecentre.in/in/en/Home-Centre/Furnishing/Bedding/Double-Bed-Sheets/HOMECENTRE-Dallas-Grey-Printed-Cotton-Queen-Double-Bedsheet-Set--228x254cm--3Pcs/p/1000010891464	12	1	1462	n/a
1	n/a	https://www.homecentre.in/in/en/c/furnishing-bedding-doublebedsheets	1000010891524	Dallas Multicolour Printed Cotton Double Bedsheet Set - 228x254cm - 3Pcs	furnishing>bedding>doublebedsheets	1799.0	1799.0	https://lmsin.net/cdn-cgi/image/h=550,w=550,q=60,fit=cover/https://aaeff43fe32172cbcecc-ae2a4e9a8cbc330ede5588dedf56886e.lmsin.net/homecentre/1000010891524-1000010891523_01-2100.jpg|https://lmsin.net/cdn-cgi/image/h=550,w=550,q=60,fit=cover/https://aaeff43fe32172cbcecc-ae2a4e9a8cbc330ede5588dedf56886e.lmsin.net/homecentre/1000010891524-1000010891523_02-2100.jpg|https://lmsin.net/cdn-cgi/image/h=550,w=550,q=60,fit=cover/https://aaeff43fe32172cbcecc-ae2a4e9a8cbc330ede5588dedf56886e.lmsin.net/homecentre/1000010891524-1000010891523_03-2100.jpg	https://www.homecentre.in/in/en/Home-Centre/Furnishing/Bedding/Double-Bed-Sheets/HOMECENTRE-Dallas-Multicolour-Printed-Cotton-Double-Bedsheet-Set--228x254cm--3Pcs/p/1000010891524	13	1	1462	n/a
1	n/a	https://www.homecentre.in/in/en/c/furnishing-bedding-doublebedsheets	1000010891551	Dallas Multicolour Printed Cotton Queen Bedsheet Set - 228x254cm - 3Pcs	furnishing>bedding>doublebedsheets	1799.0	1799.0	https://lmsin.net/cdn-cgi/image/h=550,w=550,q=60,fit=cover/https://aaeff43fe32172cbcecc-ae2a4e9a8cbc330ede5588dedf56886e.lmsin.net/homecentre/1000010891551-1000010891550_01-2100.jpg|https://lmsin.net/cdn-cgi/image/h=550,w=550,q=60,fit=cover/https://aaeff43fe32172cbcecc-ae2a4e9a8cbc330ede5588dedf56886e.lmsin.net/homecentre/1000010891551-1000010891550_02-2100.jpg|https://lmsin.net/cdn-cgi/image/h=550,w=550,q=60,fit=cover/https://aaeff43fe32172cbcecc-ae2a4e9a8cbc330ede5588dedf56886e.lmsin.net/homecentre/1000010891551-1000010891550_03-2100.jpg	https://www.homecentre.in/in/en/Furnishing/Bedding/Double-Bedsheets/HOMECENTRE-Dallas-Multicolour-Printed-Cotton-Queen-Bedsheet-Set--228x254cm--3Pcs/p/1000010891551	14	1	1462	n/a
1	n/a	https://www.homecentre.in/in/en/c/furnishing-bedding-doublebedsheets	1000010891503	Dallas Multicolour Printed Cotton Double Bedsheet Set - 228x254cm - 3Pcs	furnishing>bedding>doublebedsheets	1299.0	1299.0	https://lmsin.net/cdn-cgi/image/h=550,w=550,q=60,fit=cover/https://aaeff43fe32172cbcecc-ae2a4e9a8cbc330ede5588dedf56886e.lmsin.net/homecentre/1000010891503-1000010891502_01-2100.jpg|https://lmsin.net/cdn-cgi/image/h=550,w=550,q=60,fit=cover/https://aaeff43fe32172cbcecc-ae2a4e9a8cbc330ede5588dedf56886e.lmsin.net/homecentre/1000010891503-1000010891502_02-2100.jpg|https://lmsin.net/cdn-cgi/image/h=550,w=550,q=60,fit=cover/https://aaeff43fe32172cbcecc-ae2a4e9a8cbc330ede5588dedf56886e.lmsin.net/homecentre/1000010891503-1000010891502_03-2100.jpg	https://www.homecentre.in/in/en/Home-Centre/Furnishing/Bedding/Double-Bed-Sheets/HOMECENTRE-Dallas-Multicolour-Printed-Cotton-Double-Bedsheet-Set--228x254cm--3Pcs/p/1000010891503	15	1	1462	n/a
1	n/a	https://www.homecentre.in/in/en/c/furnishing-bedding-doublebedsheets	1000010891518	Dallas Multicolour Printed Cotton Double Bedsheet Set - 228x254cm - 3Pcs	furnishing>bedding>doublebedsheets	1299.0	1299.0	https://lmsin.net/cdn-cgi/image/h=550,w=550,q=60,fit=cover/https://aaeff43fe32172cbcecc-ae2a4e9a8cbc330ede5588dedf56886e.lmsin.net/homecentre/1000010891518-1000010891517_01-2100.jpg|https://lmsin.net/cdn-cgi/image/h=550,w=550,q=60,fit=cover/https://aaeff43fe32172cbcecc-ae2a4e9a8cbc330ede5588dedf56886e.lmsin.net/homecentre/1000010891518-1000010891517_02-2100.jpg|https://lmsin.net/cdn-cgi/image/h=550,w=550,q=60,fit=cover/https://aaeff43fe32172cbcecc-ae2a4e9a8cbc330ede5588dedf56886e.lmsin.net/homecentre/1000010891518-1000010891517_03-2100.jpg	https://www.homecentre.in/in/en/Home-Centre/Furnishing/Bedding/Double-Bed-Sheets/HOMECENTRE-Dallas-Multicolour-Printed-Cotton-Double-Bedsheet-Set--228x254cm--3Pcs/p/1000010891518	16	1	1462	n/a
1	n/a	https://www.homecentre.in/in/en/c/furnishing-bedding-doublebedsheets	1000010891476	Dallas Multicolour Printed Cotton King Bedsheet Set - 228x254cm - 3Pcs	furnishing>bedding>doublebedsheets	2199.0	2199.0	https://lmsin.net/cdn-cgi/image/h=550,w=550,q=60,fit=cover/https://aaeff43fe32172cbcecc-ae2a4e9a8cbc330ede5588dedf56886e.lmsin.net/homecentre/1000010891476-1000010891475_01-2100.jpg|https://lmsin.net/cdn-cgi/image/h=550,w=550,q=60,fit=cover/https://aaeff43fe32172cbcecc-ae2a4e9a8cbc330ede5588dedf56886e.lmsin.net/homecentre/1000010891476-1000010891475_02-2100.jpg|https://lmsin.net/cdn-cgi/image/h=550,w=550,q=60,fit=cover/https://aaeff43fe32172cbcecc-ae2a4e9a8cbc330ede5588dedf56886e.lmsin.net/homecentre/1000010891476-1000010891475_03-2100.jpg	https://www.homecentre.in/in/en/Furnishing/Bedding/Double-Bedsheets/HOMECENTRE-Dallas-Multicolour-Printed-Cotton-King-Bedsheet-Set--228x254cm--3Pcs/p/1000010891476	17	1	1462	n/a
1	n/a	https://www.homecentre.in/in/en/c/furnishing-bedding-doublebedsheets	1000010891530	Dallas Blue Printed Cotton King Bedsheet Set - 228x254cm - 3Pcs	furnishing>bedding>doublebedsheets	1299.0	1299.0	https://lmsin.net/cdn-cgi/image/h=550,w=550,q=60,fit=cover/https://aaeff43fe32172cbcecc-ae2a4e9a8cbc330ede5588dedf56886e.lmsin.net/homecentre/1000010891530-1000010891529_01-2100.jpg|https://lmsin.net/cdn-cgi/image/h=550,w=550,q=60,fit=cover/https://aaeff43fe32172cbcecc-ae2a4e9a8cbc330ede5588dedf56886e.lmsin.net/homecentre/1000010891530-1000010891529_02-2100.jpg|https://lmsin.net/cdn-cgi/image/h=550,w=550,q=60,fit=cover/https://aaeff43fe32172cbcecc-ae2a4e9a8cbc330ede5588dedf56886e.lmsin.net/homecentre/1000010891530-1000010891529_03-2100.jpg	https://www.homecentre.in/in/en/Furnishing/Bedding/Double-Bedsheets/HOMECENTRE-Dallas-Blue-Printed-Cotton-King-Bedsheet-Set--228x254cm--3Pcs/p/1000010891530	18	1	1462	n/a
1	n/a	https://www.homecentre.in/in/en/c/furnishing-bedding-doublebedsheets	1000010891545	Dallas Multicolour Printed Cotton Double Bedsheet Set - 228x254cm - 3Pcs	furnishing>bedding>doublebedsheets	1799.0	1799.0	https://lmsin.net/cdn-cgi/image/h=550,w=550,q=60,fit=cover/https://aaeff43fe32172cbcecc-ae2a4e9a8cbc330ede5588dedf56886e.lmsin.net/homecentre/1000010891545-1000010891544_01-2100.jpg|https://lmsin.net/cdn-cgi/image/h=550,w=550,q=60,fit=cover/https://aaeff43fe32172cbcecc-ae2a4e9a8cbc330ede5588dedf56886e.lmsin.net/homecentre/1000010891545-1000010891544_02-2100.jpg|https://lmsin.net/cdn-cgi/image/h=550,w=550,q=60,fit=cover/https://aaeff43fe32172cbcecc-ae2a4e9a8cbc330ede5588dedf56886e.lmsin.net/homecentre/1000010891545-1000010891544_03-2100.jpg	https://www.homecentre.in/in/en/Home-Centre/Furnishing/Bedding/Double-Bed-Sheets/HOMECENTRE-Dallas-Multicolour-Printed-Cotton-Double-Bedsheet-Set--228x254cm--3Pcs/p/1000010891545	19	1	1462	n/a
1	n/a	https://www.homecentre.in/in/en/c/furnishing-bedding-doublebedsheets	1000010891470	Dallas White And Blue Printed Cotton Double Bedsheet Set - 228x254cm - 3Pcs	furnishing>bedding>doublebedsheets	2199.0	2199.0	https://lmsin.net/cdn-cgi/image/h=550,w=550,q=60,fit=cover/https://aaeff43fe32172cbcecc-ae2a4e9a8cbc330ede5588dedf56886e.lmsin.net/homecentre/1000010891470-1000010891469_01-2100.jpg|https://lmsin.net/cdn-cgi/image/h=550,w=550,q=60,fit=cover/https://aaeff43fe32172cbcecc-ae2a4e9a8cbc330ede5588dedf56886e.lmsin.net/homecentre/1000010891470-1000010891469_02-2100.jpg|https://lmsin.net/cdn-cgi/image/h=550,w=550,q=60,fit=cover/https://aaeff43fe32172cbcecc-ae2a4e9a8cbc330ede5588dedf56886e.lmsin.net/homecentre/1000010891470-1000010891469_03-2100.jpg	https://www.homecentre.in/in/en/Home-Centre/Furnishing/Bedding/Double-Bed-Sheets/HOMECENTRE-Dallas-White-And-Blue-Printed-Cotton-Double-Bedsheet-Set--228x254cm--3Pcs/p/1000010891470	20	2	1462	n/a
1	n/a	https://www.homecentre.in/in/en/c/furnishing-bedding-doublebedsheets	1000010891539	Dallas Multicolour Printed Cotton Double Bedsheet Set - 228x254cm - 3Pcs	furnishing>bedding>doublebedsheets	1299.0	1299.0	https://lmsin.net/cdn-cgi/image/h=550,w=550,q=60,fit=cover/https://aaeff43fe32172cbcecc-ae2a4e9a8cbc330ede5588dedf56886e.lmsin.net/homecentre/1000010891539-1000010891538_01-2100.jpg|https://lmsin.net/cdn-cgi/image/h=550,w=550,q=60,fit=cover/https://aaeff43fe32172cbcecc-ae2a4e9a8cbc330ede5588dedf56886e.lmsin.net/homecentre/1000010891539-1000010891538_02-2100.jpg|https://lmsin.net/cdn-cgi/image/h=550,w=550,q=60,fit=cover/https://aaeff43fe32172cbcecc-ae2a4e9a8cbc330ede5588dedf56886e.lmsin.net/homecentre/1000010891539-1000010891538_03-2100.jpg	https://www.homecentre.in/in/en/Furnishing/Bedding/Double-Bedsheets/HOMECENTRE-Dallas-Multicolour-Printed-Cotton-Double-Bedsheet-Set--228x254cm--3Pcs/p/1000010891539	21	2	1462	n/a
1	n/a	https://www.homecentre.in/in/en/c/furnishing-bedding-doublebedsheets	1000011304276	Corsica Mystic India Blue Printed Cotton Queen Bedsheet Set - 218x235cm - 3Pcs	furnishing>bedding>doublebedsheets	1399.0	1399.0	https://lmsin.net/cdn-cgi/image/h=550,w=550,q=60,fit=cover/https://aaeff43fe32172cbcecc-ae2a4e9a8cbc330ede5588dedf56886e.lmsin.net/homecentre/1000011304276-1000011304275_01-2100.jpg|https://lmsin.net/cdn-cgi/image/h=550,w=550,q=60,fit=cover/https://aaeff43fe32172cbcecc-ae2a4e9a8cbc330ede5588dedf56886e.lmsin.net/homecentre/1000011304276-1000011304275_02-2100.jpg|https://lmsin.net/cdn-cgi/image/h=550,w=550,q=60,fit=cover/https://aaeff43fe32172cbcecc-ae2a4e9a8cbc330ede5588dedf56886e.lmsin.net/homecentre/1000011304276-1000011304275_03-2100.jpg	https://www.homecentre.in/in/en/Furnishing/Bedding/Double-Bedsheets/HOMECENTRE-Corsica-Mystic-India-Blue-Printed-Cotton-Queen-Bedsheet-Set--218x235cm--3Pcs/p/1000011304276	22	2	1462	n/a
1	n/a	https://www.homecentre.in/in/en/c/furnishing-bedding-doublebedsheets	1000011304282	Corsica Mystic India Multicolor Printed Microfibre Queen Bedsheet Set - 218x235cm - 3Pcs	furnishing>bedding>doublebedsheets	1399.0	1399.0	https://lmsin.net/cdn-cgi/image/h=550,w=550,q=60,fit=cover/https://aaeff43fe32172cbcecc-ae2a4e9a8cbc330ede5588dedf56886e.lmsin.net/homecentre/1000011304282-1000011304281_01-2100.jpg|https://lmsin.net/cdn-cgi/image/h=550,w=550,q=60,fit=cover/https://aaeff43fe32172cbcecc-ae2a4e9a8cbc330ede5588dedf56886e.lmsin.net/homecentre/1000011304282-1000011304281_02-2100.jpg|https://lmsin.net/cdn-cgi/image/h=550,w=550,q=60,fit=cover/https://aaeff43fe32172cbcecc-ae2a4e9a8cbc330ede5588dedf56886e.lmsin.net/homecentre/1000011304282-1000011304281_03-2100.jpg	https://www.homecentre.in/in/en/Furnishing/Bedding/Double-Bedsheets/HOMECENTRE-Corsica-Mystic-India-Multicolor-Printed-Microfibre-Queen-Bedsheet-Set--218x235cm--3Pcs/p/1000011304282	23	2	1462	n/a
1	n/a	https://www.homecentre.in/in/en/c/furnishing-bedding-doublebedsheets	1000011304285	Corsica Mystic India Green Printed Microfiber Queen Bedsheet Set - 218x235cm - 3Pcs	furnishing>bedding>doublebedsheets	1399.0	1399.0	https://lmsin.net/cdn-cgi/image/h=550,w=550,q=60,fit=cover/https://aaeff43fe32172cbcecc-ae2a4e9a8cbc330ede5588dedf56886e.lmsin.net/homecentre/1000011304285-1000011304284_01-2100.jpg|https://lmsin.net/cdn-cgi/image/h=550,w=550,q=60,fit=cover/https://aaeff43fe32172cbcecc-ae2a4e9a8cbc330ede5588dedf56886e.lmsin.net/homecentre/1000011304285-1000011304284_02-2100.jpg|https://lmsin.net/cdn-cgi/image/h=550,w=550,q=60,fit=cover/https://aaeff43fe32172cbcecc-ae2a4e9a8cbc330ede5588dedf56886e.lmsin.net/homecentre/1000011304285-1000011304284_03-2100.jpg	https://www.homecentre.in/in/en/Furnishing/Bedding/Double-Bedsheets/HOMECENTRE-Corsica-Mystic-India-Green-Printed-Microfiber-Queen-Bedsheet-Set--218x235cm--3Pcs/p/1000011304285	24	2	1462	n/a
1	n/a	https://www.homecentre.in/in/en/c/furnishing-bedding-doublebedsheets	1000011304288	Corsica Mystic India Multicolor Printed Microfibre Queen Bedsheet Set - 218x235cm - 3Pcs	furnishing>bedding>doublebedsheets	1399.0	1399.0	https://lmsin.net/cdn-cgi/image/h=550,w=550,q=60,fit=cover/https://aaeff43fe32172cbcecc-ae2a4e9a8cbc330ede5588dedf56886e.lmsin.net/homecentre/1000011304288-1000011304287_01-2100.jpg|https://lmsin.net/cdn-cgi/image/h=550,w=550,q=60,fit=cover/https://aaeff43fe32172cbcecc-ae2a4e9a8cbc330ede5588dedf56886e.lmsin.net/homecentre/1000011304288-1000011304287_02-2100.jpg|https://lmsin.net/cdn-cgi/image/h=550,w=550,q=60,fit=cover/https://aaeff43fe32172cbcecc-ae2a4e9a8cbc330ede5588dedf56886e.lmsin.net/homecentre/1000011304288-1000011304287_03-2100.jpg	https://www.homecentre.in/in/en/Furnishing/Bedding/Double-Bedsheets/HOMECENTRE-Corsica-Mystic-India-Multicolor-Printed-Microfibre-Queen-Bedsheet-Set--218x235cm--3Pcs/p/1000011304288	25	2	1462	n/a
1	n/a	https://www.homecentre.in/in/en/c/furnishing-bedding-doublebedsheets	1000011304291	Corsica Mystic India Multicolor Printed Microfiber Queen Bedsheet Set - 218x235cm - 3Pcs	furnishing>bedding>doublebedsheets	1399.0	1399.0	https://lmsin.net/cdn-cgi/image/h=550,w=550,q=60,fit=cover/https://aaeff43fe32172cbcecc-ae2a4e9a8cbc330ede5588dedf56886e.lmsin.net/homecentre/1000011304291-1000011304290_01-2100.jpg|https://lmsin.net/cdn-cgi/image/h=550,w=550,q=60,fit=cover/https://aaeff43fe32172cbcecc-ae2a4e9a8cbc330ede5588dedf56886e.lmsin.net/homecentre/1000011304291-1000011304290_02-2100.jpg|https://lmsin.net/cdn-cgi/image/h=550,w=550,q=60,fit=cover/https://aaeff43fe32172cbcecc-ae2a4e9a8cbc330ede5588dedf56886e.lmsin.net/homecentre/1000011304291-1000011304290_03-2100.jpg	https://www.homecentre.in/in/en/Furnishing/Bedding/Double-Bedsheets/HOMECENTRE-Corsica-Mystic-India-Multicolor-Printed-Microfiber-Queen-Bedsheet-Set--218x235cm--3Pcs/p/1000011304291	26	2	1462	n/a
1	n/a	https://www.homecentre.in/in/en/c/furnishing-bedding-doublebedsheets	1000011073887	Art Of Asia Patagonia Bue Cotton Super King Size Bedsheet Set - 274x274cm - 3Pcs	furnishing>bedding>doublebedsheets	1999.0	1999.0	https://lmsin.net/cdn-cgi/image/h=550,w=550,q=60,fit=cover/https://aaeff43fe32172cbcecc-ae2a4e9a8cbc330ede5588dedf56886e.lmsin.net/homecentre/1000011073887-1000011073886_01-2100.jpg|https://lmsin.net/cdn-cgi/image/h=550,w=550,q=60,fit=cover/https://aaeff43fe32172cbcecc-ae2a4e9a8cbc330ede5588dedf56886e.lmsin.net/homecentre/1000011073887-1000011073886_02-2100.jpg|https://lmsin.net/cdn-cgi/image/h=550,w=550,q=60,fit=cover/https://aaeff43fe32172cbcecc-ae2a4e9a8cbc330ede5588dedf56886e.lmsin.net/homecentre/1000011073887-1000011073886_03-2100.jpg	https://www.homecentre.in/in/en/Furnishing/Bedding/Double-Bedsheets/HOMECENTRE-Art-Of-Asia-Patagonia-Bue-Cotton-Super-King-Size-Bedsheet-Set--274x274cm--3Pcs/p/1000011073887	27	2	1462	n/a
1	n/a	https://www.homecentre.in/in/en/c/furnishing-bedding-doublebedsheets	1000011073866	Art of Asia-Dragon Dance Blue Printed Cotton King Fitted Bedsheet Set - 180x195cm - 3Pcs	furnishing>bedding>doublebedsheets	1999.0	1999.0	https://lmsin.net/cdn-cgi/image/h=550,w=550,q=60,fit=cover/https://aaeff43fe32172cbcecc-ae2a4e9a8cbc330ede5588dedf56886e.lmsin.net/homecentre/1000011073866-1000011073865_01-2100.jpg|https://lmsin.net/cdn-cgi/image/h=550,w=550,q=60,fit=cover/https://aaeff43fe32172cbcecc-ae2a4e9a8cbc330ede5588dedf56886e.lmsin.net/homecentre/1000011073866-1000011073865_02-2100.jpg|https://lmsin.net/cdn-cgi/image/h=550,w=550,q=60,fit=cover/https://aaeff43fe32172cbcecc-ae2a4e9a8cbc330ede5588dedf56886e.lmsin.net/homecentre/1000011073866-1000011073865_03-2100.jpg|https://lmsin.net/cdn-cgi/image/h=550,w=550,q=60,fit=cover/https://aaeff43fe32172cbcecc-ae2a4e9a8cbc330ede5588dedf56886e.lmsin.net/homecentre/1000011073866-1000011073865_04-2100.jpg|https://lmsin.net/cdn-cgi/image/h=550,w=550,q=60,fit=cover/https://aaeff43fe32172cbcecc-ae2a4e9a8cbc330ede5588dedf56886e.lmsin.net/homecentre/1000011073866-1000011073865_05-2100.jpg|https://lmsin.net/cdn-cgi/image/h=550,w=550,q=60,fit=cover/https://aaeff43fe32172cbcecc-ae2a4e9a8cbc330ede5588dedf56886e.lmsin.net/homecentre/1000011073866-1000011073865_06-2100.jpg	https://www.homecentre.in/in/en/Furnishing/Bedding/Double-Bedsheets/HOMECENTRE-Art-of-Asia-Dragon-Dance-Blue-Printed-Cotton-King-Fitted-Bedsheet-Set--180x195cm--3Pcs/p/1000011073866	28	2	1462	n/a
1	n/a	https://www.homecentre.in/in/en/c/furnishing-bedding-doublebedsheets	1000011073890	Art of Asia-Dragon Dance White Phoenix Printed Cotton Super King Bedsheet Set - 274x274cm - 3Pcs	furnishing>bedding>doublebedsheets	1999.0	1999.0	https://lmsin.net/cdn-cgi/image/h=550,w=550,q=60,fit=cover/https://aaeff43fe32172cbcecc-ae2a4e9a8cbc330ede5588dedf56886e.lmsin.net/homecentre/1000011073890-1000011073889_01-2100.jpg|https://lmsin.net/cdn-cgi/image/h=550,w=550,q=60,fit=cover/https://aaeff43fe32172cbcecc-ae2a4e9a8cbc330ede5588dedf56886e.lmsin.net/homecentre/1000011073890-1000011073889_02-2100.jpg|https://lmsin.net/cdn-cgi/image/h=550,w=550,q=60,fit=cover/https://aaeff43fe32172cbcecc-ae2a4e9a8cbc330ede5588dedf56886e.lmsin.net/homecentre/1000011073890-1000011073889_03-2100.jpg|https://lmsin.net/cdn-cgi/image/h=550,w=550,q=60,fit=cover/https://aaeff43fe32172cbcecc-ae2a4e9a8cbc330ede5588dedf56886e.lmsin.net/homecentre/1000011073890-1000011073889_04-2100.jpg|https://lmsin.net/cdn-cgi/image/h=550,w=550,q=60,fit=cover/https://aaeff43fe32172cbcecc-ae2a4e9a8cbc330ede5588dedf56886e.lmsin.net/homecentre/1000011073890-1000011073889_05-2100.jpg	https://www.homecentre.in/in/en/Furnishing/Bedding/Double-Bedsheets/HOMECENTRE-Art-of-Asia-Dragon-Dance-White-Phoenix-Printed-Cotton-Super-King-Bedsheet-Set--274x274cm--3Pcs/p/1000011073890	29	2	1462	n/a
1	n/a	https://www.homecentre.in/in/en/c/furnishing-bedding-doublebedsheets	1000011073869	Art of Asia-Dragon Dance White Printed Cotton King Fitted Bedsheet Set - 180x195cm - 3Pcs	furnishing>bedding>doublebedsheets	1999.0	1999.0	https://lmsin.net/cdn-cgi/image/h=550,w=550,q=60,fit=cover/https://aaeff43fe32172cbcecc-ae2a4e9a8cbc330ede5588dedf56886e.lmsin.net/homecentre/1000011073869-1000011073868_01-2100.jpg|https://lmsin.net/cdn-cgi/image/h=550,w=550,q=60,fit=cover/https://aaeff43fe32172cbcecc-ae2a4e9a8cbc330ede5588dedf56886e.lmsin.net/homecentre/1000011073869-1000011073868_02-2100.jpg|https://lmsin.net/cdn-cgi/image/h=550,w=550,q=60,fit=cover/https://aaeff43fe32172cbcecc-ae2a4e9a8cbc330ede5588dedf56886e.lmsin.net/homecentre/1000011073869-1000011073868_03-2100.jpg|https://lmsin.net/cdn-cgi/image/h=550,w=550,q=60,fit=cover/https://aaeff43fe32172cbcecc-ae2a4e9a8cbc330ede5588dedf56886e.lmsin.net/homecentre/1000011073869-1000011073868_04-2100.jpg|https://lmsin.net/cdn-cgi/image/h=550,w=550,q=60,fit=cover/https://aaeff43fe32172cbcecc-ae2a4e9a8cbc330ede5588dedf56886e.lmsin.net/homecentre/1000011073869-1000011073868_05-2100.jpg|https://lmsin.net/cdn-cgi/image/h=550,w=550,q=60,fit=cover/https://aaeff43fe32172cbcecc-ae2a4e9a8cbc330ede5588dedf56886e.lmsin.net/homecentre/1000011073869-1000011073868_06-2100.jpg	https://www.homecentre.in/in/en/Furnishing/Bedding/Double-Bedsheets/HOMECENTRE-Art-of-Asia-Dragon-Dance-White-Printed-Cotton-King-Fitted-Bedsheet-Set--180x195cm--3Pcs/p/1000011073869	30	2	1462	n/a
1	n/a	https://www.homecentre.in/in/en/c/furnishing-bedding-doublebedsheets	1000011073893	Art Of Asia-Pagoda Pride Multicolour Printed Cotton Super King Bedsheet Set - 274x274cm - 3Pcs	furnishing>bedding>doublebedsheets	1999.0	1999.0	https://lmsin.net/cdn-cgi/image/h=550,w=550,q=60,fit=cover/https://aaeff43fe32172cbcecc-ae2a4e9a8cbc330ede5588dedf56886e.lmsin.net/homecentre/1000011073893-1000011073892_01-2100.jpg|https://lmsin.net/cdn-cgi/image/h=550,w=550,q=60,fit=cover/https://aaeff43fe32172cbcecc-ae2a4e9a8cbc330ede5588dedf56886e.lmsin.net/homecentre/1000011073893-1000011073892_02-2100.jpg|https://lmsin.net/cdn-cgi/image/h=550,w=550,q=60,fit=cover/https://aaeff43fe32172cbcecc-ae2a4e9a8cbc330ede5588dedf56886e.lmsin.net/homecentre/1000011073893-1000011073892_03-2100.jpg|https://lmsin.net/cdn-cgi/image/h=550,w=550,q=60,fit=cover/https://aaeff43fe32172cbcecc-ae2a4e9a8cbc330ede5588dedf56886e.lmsin.net/homecentre/1000011073893-1000011073892_04-2100.jpg|https://lmsin.net/cdn-cgi/image/h=550,w=550,q=60,fit=cover/https://aaeff43fe32172cbcecc-ae2a4e9a8cbc330ede5588dedf56886e.lmsin.net/homecentre/1000011073893-1000011073892_05-2100.jpg	https://www.homecentre.in/in/en/Furnishing/Bedding/Double-Bedsheets/HOMECENTRE-Art-Of-Asia-Pagoda-Pride-Multicolour-Printed-Cotton-Super-King-Bedsheet-Set--274x274cm--3Pcs/p/1000011073893	31	2	1462	n/a
1	n/a	https://www.homecentre.in/in/en/c/furnishing-bedding-doublebedsheets	1000011073872	Art of Asia-Pagoda Pride Blue Crane Printed King Fitted Bedsheet Set - 180x195cm - 3Pcs	furnishing>bedding>doublebedsheets	1999.0	1999.0	https://lmsin.net/cdn-cgi/image/h=550,w=550,q=60,fit=cover/https://aaeff43fe32172cbcecc-ae2a4e9a8cbc330ede5588dedf56886e.lmsin.net/homecentre/1000011073872-1000011073871_01-2100.jpg|https://lmsin.net/cdn-cgi/image/h=550,w=550,q=60,fit=cover/https://aaeff43fe32172cbcecc-ae2a4e9a8cbc330ede5588dedf56886e.lmsin.net/homecentre/1000011073872-1000011073871_02-2100.jpg|https://lmsin.net/cdn-cgi/image/h=550,w=550,q=60,fit=cover/https://aaeff43fe32172cbcecc-ae2a4e9a8cbc330ede5588dedf56886e.lmsin.net/homecentre/1000011073872-1000011073871_03-2100.jpg|https://lmsin.net/cdn-cgi/image/h=550,w=550,q=60,fit=cover/https://aaeff43fe32172cbcecc-ae2a4e9a8cbc330ede5588dedf56886e.lmsin.net/homecentre/1000011073872-1000011073871_04-2100.jpg|https://lmsin.net/cdn-cgi/image/h=550,w=550,q=60,fit=cover/https://aaeff43fe32172cbcecc-ae2a4e9a8cbc330ede5588dedf56886e.lmsin.net/homecentre/1000011073872-1000011073871_05-2100.jpg|https://lmsin.net/cdn-cgi/image/h=550,w=550,q=60,fit=cover/https://aaeff43fe32172cbcecc-ae2a4e9a8cbc330ede5588dedf56886e.lmsin.net/homecentre/1000011073872-1000011073871_06-2100.jpg	https://www.homecentre.in/in/en/Furnishing/Bedding/Double-Bedsheets/HOMECENTRE-Art-of-Asia-Pagoda-Pride-Blue-Crane-Printed-King-Fitted-Bedsheet-Set--180x195cm--3Pcs/p/1000011073872	32	2	1462	n/a
1	n/a	https://www.homecentre.in/in/en/c/furnishing-bedding-doublebedsheets	1000011073896	Art Of Asia-Pagoda Pride Multicolour Cotton Super King Bedsheet Set - 274x274cm - 3Pcs	furnishing>bedding>doublebedsheets	1999.0	1999.0	https://lmsin.net/cdn-cgi/image/h=550,w=550,q=60,fit=cover/https://aaeff43fe32172cbcecc-ae2a4e9a8cbc330ede5588dedf56886e.lmsin.net/homecentre/1000011073896-1000011073895_01-2100.jpg|https://lmsin.net/cdn-cgi/image/h=550,w=550,q=60,fit=cover/https://aaeff43fe32172cbcecc-ae2a4e9a8cbc330ede5588dedf56886e.lmsin.net/homecentre/1000011073896-1000011073895_02-2100.jpg|https://lmsin.net/cdn-cgi/image/h=550,w=550,q=60,fit=cover/https://aaeff43fe32172cbcecc-ae2a4e9a8cbc330ede5588dedf56886e.lmsin.net/homecentre/1000011073896-1000011073895_03-2100.jpg|https://lmsin.net/cdn-cgi/image/h=550,w=550,q=60,fit=cover/https://aaeff43fe32172cbcecc-ae2a4e9a8cbc330ede5588dedf56886e.lmsin.net/homecentre/1000011073896-1000011073895_04-2100.jpg|https://lmsin.net/cdn-cgi/image/h=550,w=550,q=60,fit=cover/https://aaeff43fe32172cbcecc-ae2a4e9a8cbc330ede5588dedf56886e.lmsin.net/homecentre/1000011073896-1000011073895_05-2100.jpg	https://www.homecentre.in/in/en/Furnishing/Bedding/Double-Bedsheets/HOMECENTRE-Art-Of-Asia-Pagoda-Pride-Multicolour-Cotton-Super-King-Bedsheet-Set--274x274cm--3Pcs/p/1000011073896	33	2	1462	n/a
1	n/a	https://www.homecentre.in/in/en/c/furnishing-bedding-doublebedsheets	1000011073902	Art Of Asia Gulbagh Mauve Cotton King Size Fitted Bedsheet Set - 180x195cm - 3Pcs	furnishing>bedding>doublebedsheets	1999.0	1999.0	https://lmsin.net/cdn-cgi/image/h=550,w=550,q=60,fit=cover/https://aaeff43fe32172cbcecc-ae2a4e9a8cbc330ede5588dedf56886e.lmsin.net/homecentre/1000011073902-1000011073901_01-2100.jpg|https://lmsin.net/cdn-cgi/image/h=550,w=550,q=60,fit=cover/https://aaeff43fe32172cbcecc-ae2a4e9a8cbc330ede5588dedf56886e.lmsin.net/homecentre/1000011073902-1000011073901_02-2100.jpg|https://lmsin.net/cdn-cgi/image/h=550,w=550,q=60,fit=cover/https://aaeff43fe32172cbcecc-ae2a4e9a8cbc330ede5588dedf56886e.lmsin.net/homecentre/1000011073902-1000011073901_03-2100.jpg	https://www.homecentre.in/in/en/Furnishing/Bedding/Double-Bedsheets/HOMECENTRE-Art-Of-Asia-Gulbagh-Mauve-Cotton-King-Size-Fitted-Bedsheet-Set--180x195cm--3Pcs/p/1000011073902	34	2	1462	n/a
1	n/a	https://www.homecentre.in/in/en/c/furnishing-bedding-doublebedsheets	1000011073878	Art Of Asia Gulmarg Green Cotton King Size Fitted Bedsheet Set - 180x195cm - 3Pcs	furnishing>bedding>doublebedsheets	1999.0	1999.0	https://lmsin.net/cdn-cgi/image/h=550,w=550,q=60,fit=cover/https://aaeff43fe32172cbcecc-ae2a4e9a8cbc330ede5588dedf56886e.lmsin.net/homecentre/1000011073878-1000011073877_01-2100.jpg|https://lmsin.net/cdn-cgi/image/h=550,w=550,q=60,fit=cover/https://aaeff43fe32172cbcecc-ae2a4e9a8cbc330ede5588dedf56886e.lmsin.net/homecentre/1000011073878-1000011073877_02-2100.jpg|https://lmsin.net/cdn-cgi/image/h=550,w=550,q=60,fit=cover/https://aaeff43fe32172cbcecc-ae2a4e9a8cbc330ede5588dedf56886e.lmsin.net/homecentre/1000011073878-1000011073877_03-2100.jpg	https://www.homecentre.in/in/en/Furnishing/Bedding/Double-Bedsheets/HOMECENTRE-Art-Of-Asia-Gulmarg-Green-Cotton-King-Size-Fitted-Bedsheet-Set--180x195cm--3Pcs/p/1000011073878	35	2	1462	n/a
1	n/a	https://www.homecentre.in/in/en/c/furnishing-bedding-doublebedsheets	1000011073911	Art Of Asia-Royal Retreat Multicolour Printed Cotton Super King Bedsheet Set - 274x274cm - 3Pcs	furnishing>bedding>doublebedsheets	1999.0	1999.0	https://lmsin.net/cdn-cgi/image/h=550,w=550,q=60,fit=cover/https://aaeff43fe32172cbcecc-ae2a4e9a8cbc330ede5588dedf56886e.lmsin.net/homecentre/1000011073911-1000011073910_01-2100.jpg|https://lmsin.net/cdn-cgi/image/h=550,w=550,q=60,fit=cover/https://aaeff43fe32172cbcecc-ae2a4e9a8cbc330ede5588dedf56886e.lmsin.net/homecentre/1000011073911-1000011073910_02-2100.jpg|https://lmsin.net/cdn-cgi/image/h=550,w=550,q=60,fit=cover/https://aaeff43fe32172cbcecc-ae2a4e9a8cbc330ede5588dedf56886e.lmsin.net/homecentre/1000011073911-1000011073910_03-2100.jpg|https://lmsin.net/cdn-cgi/image/h=550,w=550,q=60,fit=cover/https://aaeff43fe32172cbcecc-ae2a4e9a8cbc330ede5588dedf56886e.lmsin.net/homecentre/1000011073911-1000011073910_04-2100.jpg|https://lmsin.net/cdn-cgi/image/h=550,w=550,q=60,fit=cover/https://aaeff43fe32172cbcecc-ae2a4e9a8cbc330ede5588dedf56886e.lmsin.net/homecentre/1000011073911-1000011073910_05-2100.jpg	https://www.homecentre.in/in/en/Furnishing/Bedding/Double-Bedsheets/HOMECENTRE-Art-Of-Asia-Royal-Retreat-Multicolour-Printed-Cotton-Super-King-Bedsheet-Set--274x274cm--3Pcs/p/1000011073911	36	2	1462	n/a
1	n/a	https://www.homecentre.in/in/en/c/furnishing-bedding-doublebedsheets	1000011073905	Art Of Asia Paradise Red Cotton Super King Size Bedsheet Set - 274x274cm - 3Pcs	furnishing>bedding>doublebedsheets	1999.0	1999.0	https://lmsin.net/cdn-cgi/image/h=550,w=550,q=60,fit=cover/https://aaeff43fe32172cbcecc-ae2a4e9a8cbc330ede5588dedf56886e.lmsin.net/homecentre/1000011073905-1000011073904_01-2100.jpg|https://lmsin.net/cdn-cgi/image/h=550,w=550,q=60,fit=cover/https://aaeff43fe32172cbcecc-ae2a4e9a8cbc330ede5588dedf56886e.lmsin.net/homecentre/1000011073905-1000011073904_02-2100.jpg|https://lmsin.net/cdn-cgi/image/h=550,w=550,q=60,fit=cover/https://aaeff43fe32172cbcecc-ae2a4e9a8cbc330ede5588dedf56886e.lmsin.net/homecentre/1000011073905-1000011073904_03-2100.jpg	https://www.homecentre.in/in/en/Furnishing/Bedding/Double-Bedsheets/HOMECENTRE-Art-Of-Asia-Paradise-Red-Cotton-Super-King-Size-Bedsheet-Set--274x274cm--3Pcs/p/1000011073905	37	2	1462	n/a
1	n/a	https://www.homecentre.in/in/en/c/furnishing-bedding-doublebedsheets	1000011073881	Art Of Asia-Tiger Trails Multicolour Printed King Fitted Bedsheet Set - 180x195cm - 3Pcs	furnishing>bedding>doublebedsheets	1999.0	1999.0	https://lmsin.net/cdn-cgi/image/h=550,w=550,q=60,fit=cover/https://aaeff43fe32172cbcecc-ae2a4e9a8cbc330ede5588dedf56886e.lmsin.net/homecentre/1000011073881-1000011073880_01-2100.jpg|https://lmsin.net/cdn-cgi/image/h=550,w=550,q=60,fit=cover/https://aaeff43fe32172cbcecc-ae2a4e9a8cbc330ede5588dedf56886e.lmsin.net/homecentre/1000011073881-1000011073880_02-2100.jpg|https://lmsin.net/cdn-cgi/image/h=550,w=550,q=60,fit=cover/https://aaeff43fe32172cbcecc-ae2a4e9a8cbc330ede5588dedf56886e.lmsin.net/homecentre/1000011073881-1000011073880_03-2100.jpg|https://lmsin.net/cdn-cgi/image/h=550,w=550,q=60,fit=cover/https://aaeff43fe32172cbcecc-ae2a4e9a8cbc330ede5588dedf56886e.lmsin.net/homecentre/1000011073881-1000011073880_04-2100.jpg|https://lmsin.net/cdn-cgi/image/h=550,w=550,q=60,fit=cover/https://aaeff43fe32172cbcecc-ae2a4e9a8cbc330ede5588dedf56886e.lmsin.net/homecentre/1000011073881-1000011073880_05-2100.jpg|https://lmsin.net/cdn-cgi/image/h=550,w=550,q=60,fit=cover/https://aaeff43fe32172cbcecc-ae2a4e9a8cbc330ede5588dedf56886e.lmsin.net/homecentre/1000011073881-1000011073880_06-2100.jpg	https://www.homecentre.in/in/en/Furnishing/Bedding/Double-Bedsheets/HOMECENTRE-Art-Of-Asia-Tiger-Trails-Multicolour-Printed-King-Fitted-Bedsheet-Set--180x195cm--3Pcs/p/1000011073881	38	2	1462	n/a
1	n/a	https://www.homecentre.in/in/en/c/furnishing-bedding-doublebedsheets	1000011073908	Art of Asia-Tiger Trails White Ethnic Printed Cotton Super King Bedsheet Set - 274x274cm - 3Pcs	furnishing>bedding>doublebedsheets	1999.0	1999.0	https://lmsin.net/cdn-cgi/image/h=550,w=550,q=60,fit=cover/https://aaeff43fe32172cbcecc-ae2a4e9a8cbc330ede5588dedf56886e.lmsin.net/homecentre/1000011073908-1000011073907_01-2100.jpg|https://lmsin.net/cdn-cgi/image/h=550,w=550,q=60,fit=cover/https://aaeff43fe32172cbcecc-ae2a4e9a8cbc330ede5588dedf56886e.lmsin.net/homecentre/1000011073908-1000011073907_02-2100.jpg|https://lmsin.net/cdn-cgi/image/h=550,w=550,q=60,fit=cover/https://aaeff43fe32172cbcecc-ae2a4e9a8cbc330ede5588dedf56886e.lmsin.net/homecentre/1000011073908-1000011073907_03-2100.jpg|https://lmsin.net/cdn-cgi/image/h=550,w=550,q=60,fit=cover/https://aaeff43fe32172cbcecc-ae2a4e9a8cbc330ede5588dedf56886e.lmsin.net/homecentre/1000011073908-1000011073907_04-2100.jpg|https://lmsin.net/cdn-cgi/image/h=550,w=550,q=60,fit=cover/https://aaeff43fe32172cbcecc-ae2a4e9a8cbc330ede5588dedf56886e.lmsin.net/homecentre/1000011073908-1000011073907_05-2100.jpg	https://www.homecentre.in/in/en/Furnishing/Bedding/Double-Bedsheets/HOMECENTRE-Art-of-Asia-Tiger-Trails-White-Ethnic-Printed-Cotton-Super-King-Bedsheet-Set--274x274cm--3Pcs/p/1000011073908	39	2	1462	n/a
1	n/a	https://www.homecentre.in/in/en/c/furnishing-bedding-doublebedsheets	1000011073884	Art Of Asia Virtuous Red Cotton King Size Fitted Bedsheet Set - 180x195cm - 3Pcs	furnishing>bedding>doublebedsheets	1999.0	1999.0	https://lmsin.net/cdn-cgi/image/h=550,w=550,q=60,fit=cover/https://aaeff43fe32172cbcecc-ae2a4e9a8cbc330ede5588dedf56886e.lmsin.net/homecentre/1000011073884-1000011073883_01-2100.jpg|https://lmsin.net/cdn-cgi/image/h=550,w=550,q=60,fit=cover/https://aaeff43fe32172cbcecc-ae2a4e9a8cbc330ede5588dedf56886e.lmsin.net/homecentre/1000011073884-1000011073883_02-2100.jpg|https://lmsin.net/cdn-cgi/image/h=550,w=550,q=60,fit=cover/https://aaeff43fe32172cbcecc-ae2a4e9a8cbc330ede5588dedf56886e.lmsin.net/homecentre/1000011073884-1000011073883_03-2100.jpg	https://www.homecentre.in/in/en/Furnishing/Bedding/Double-Bedsheets/HOMECENTRE-Art-Of-Asia-Virtuous-Red-Cotton-King-Size-Fitted-Bedsheet-Set--180x195cm--3Pcs/p/1000011073884	40	3	1462	n/a
1	n/a	https://www.homecentre.in/in/en/c/furnishing-bedding-doublebedsheets	1000011224652	Bouquet Multicolour Checked Cotton King Bedsheet Set - 254x274cm - 3Pcs	furnishing>bedding>doublebedsheets	1799.0	1799.0	https://lmsin.net/cdn-cgi/image/h=550,w=550,q=60,fit=cover/https://aaeff43fe32172cbcecc-ae2a4e9a8cbc330ede5588dedf56886e.lmsin.net/homecentre/1000011224652-1000011224651_01-2100.jpg|https://lmsin.net/cdn-cgi/image/h=550,w=550,q=60,fit=cover/https://aaeff43fe32172cbcecc-ae2a4e9a8cbc330ede5588dedf56886e.lmsin.net/homecentre/1000011224652-1000011224651_02-2100.jpg|https://lmsin.net/cdn-cgi/image/h=550,w=550,q=60,fit=cover/https://aaeff43fe32172cbcecc-ae2a4e9a8cbc330ede5588dedf56886e.lmsin.net/homecentre/1000011224652-1000011224651_03-2100.jpg	https://www.homecentre.in/in/en/Furnishing/Bedding/Double-Bedsheets/HOMECENTRE-Bouquet-Multicolour-Checked-Cotton-King-Bedsheet-Set--254x274cm--3Pcs/p/1000011224652	41	3	1462	n/a
1	n/a	https://www.homecentre.in/in/en/c/furnishing-bedding-doublebedsheets	1000011225193	Bouquet Multicolour Checked Cotton Fitted King Bedsheet Set - 180x195cm - 3Pcs	furnishing>bedding>doublebedsheets	1799.0	1799.0	https://lmsin.net/cdn-cgi/image/h=550,w=550,q=60,fit=cover/https://aaeff43fe32172cbcecc-ae2a4e9a8cbc330ede5588dedf56886e.lmsin.net/homecentre/1000011225193-1000011225192_01-2100.jpg|https://lmsin.net/cdn-cgi/image/h=550,w=550,q=60,fit=cover/https://aaeff43fe32172cbcecc-ae2a4e9a8cbc330ede5588dedf56886e.lmsin.net/homecentre/1000011225193-1000011225192_02-2100.jpg|https://lmsin.net/cdn-cgi/image/h=550,w=550,q=60,fit=cover/https://aaeff43fe32172cbcecc-ae2a4e9a8cbc330ede5588dedf56886e.lmsin.net/homecentre/1000011225193-1000011225192_03-2100.jpg	https://www.homecentre.in/in/en/Furnishing/Bedding/Double-Bedsheets/HOMECENTRE-Bouquet-Multicolour-Checked-Cotton-Fitted-King-Bedsheet-Set--180x195cm--3Pcs/p/1000011225193	42	3	1462	n/a
1	n/a	https://www.homecentre.in/in/en/c/furnishing-bedding-doublebedsheets	1000011224655	Bouquet White Printed Cotton King Size Bedsheet Set - 254x274cm - 3Pcs	furnishing>bedding>doublebedsheets	1799.0	1799.0	https://lmsin.net/cdn-cgi/image/h=550,w=550,q=60,fit=cover/https://aaeff43fe32172cbcecc-ae2a4e9a8cbc330ede5588dedf56886e.lmsin.net/homecentre/1000011224655-1000011224654_01-2100.jpg|https://lmsin.net/cdn-cgi/image/h=550,w=550,q=60,fit=cover/https://aaeff43fe32172cbcecc-ae2a4e9a8cbc330ede5588dedf56886e.lmsin.net/homecentre/1000011224655-1000011224654_02-2100.jpg|https://lmsin.net/cdn-cgi/image/h=550,w=550,q=60,fit=cover/https://aaeff43fe32172cbcecc-ae2a4e9a8cbc330ede5588dedf56886e.lmsin.net/homecentre/1000011224655-1000011224654_03-2100.jpg	https://www.homecentre.in/in/en/Furnishing/Bedding/Double-Bedsheets/HOMECENTRE-Bouquet-White-Printed-Cotton-King-Size-Bedsheet-Set--254x274cm--3Pcs/p/1000011224655	43	3	1462	n/a
